osm_id;nom;operateur;latitude;longitude;ville;quartier;adresse;region;numero_autorisation;date_autorisation;statut;type_infrastructure;sous_type;osm_type;remarques
node/454902345;"Mobyl Petrolium";"Mobyl Petrolium";3.8061058;11.5091465;;;;Centre;;;historique_autorise;station_service;implantation;node;
node/619707588;Total;;4.4310152;14.3649783;;;;Est;;;historique_autorise;station_service;implantation;node;
node/619707593;"Station sans nom";;4.4334726;14.3617925;;;;Est;;;historique_autorise;station_service;implantation;node;
node/909265827;Oilibya;Oilibya;3.8718587;11.5244039;;;;Centre;;;historique_autorise;station_service;implantation;node;
node/909317722;MRS;MRS;3.8865273;11.5307399;;;;Centre;;;historique_autorise;station_service;implantation;node;
node/927194907;Tradex;Tradex;3.7951455;11.4931636;;;;Centre;;;historique_autorise;station_service;implantation;node;
node/1012761717;SOCAEPE;;3.8620974;11.585595;;;;Centre;;;historique_autorise;station_service;implantation;node;
node/1068916294;"Total Filling Station";Total;5.9865915;10.4345678;;;;Ouest;;;historique_autorise;station_service;implantation;node;
node/2017412464;"Total Carrefour EMIA";Total;3.8626712;11.5039705;;;;Centre;;;historique_autorise;station_service;implantation;node;
node/2125013207;TOTAL;Total;4.958835;9.9392266;;;;Littoral;;;historique_autorise;station_service;implantation;node;
node/2125013308;"Station sans nom";Total;5.9447666;10.1629071;;;;Ouest;;;historique_autorise;station_service;implantation;node;
node/2183643556;"Station sans nom";;5.2794403;9.9757242;;;;Ouest;;;historique_autorise;station_service;implantation;node;
node/2183643580;BOCOM;;5.4350589;10.0394662;;;;Ouest;;;historique_autorise;station_service;implantation;node;
node/2275945924;"TOTAL Station";MRS;5.1403835;10.5227599;;;;Ouest;;;historique_autorise;station_service;implantation;node;
node/2287953050;Bocom;;4.24056;13.45399;;;;Est;;;historique_autorise;station_service;implantation;node;
node/2287953051;BOCOM;;4.3786025;13.5773071;;;;Est;;;historique_autorise;station_service;implantation;node;
node/2303494207;"Texaco Messa";Texaco;3.8724342;11.5025695;;;;Centre;;;historique_autorise;station_service;implantation;node;
node/2443599599;Tradex;;4.0925705;9.7521566;;;;Littoral;;;historique_autorise;station_service;implantation;node;
node/2543948982;Neptune;;3.8505688;11.5006237;;;;Centre;;;historique_autorise;station_service;implantation;node;
node/2608218005;MRS;;4.0592799;9.2344268;;;;Littoral;;;historique_autorise;station_service;implantation;node;
node/2993783984;"Oilibya Bonamoussadi";;4.0851023;9.733334;Douala;;;Littoral;;;historique_autorise;station_service;implantation;node;
node/2993795424;"TOTAL Bonamoussadi 1";TOTAL;4.0864022;9.7345574;Douala;;;Littoral;;;historique_autorise;station_service;implantation;node;
node/3029261950;Total;Total;5.6794288;10.2084433;;;;Ouest;;;historique_autorise;station_service;implantation;node;
node/3056587768;Oilibya;;4.0534268;9.7049499;;;;Littoral;;;historique_autorise;station_service;implantation;node;
node/3056587769;Oilibya;Oilibya;4.0269939;9.6877812;;;;Littoral;;;historique_autorise;station_service;implantation;node;
node/3056587770;Petrolex;Petrolex;4.0360903;9.698604;;;;Littoral;;;historique_autorise;station_service;implantation;node;
node/3056587771;MRS;;4.0191113;9.7221723;;;;Littoral;;;historique_autorise;station_service;implantation;node;
node/3056587772;Texaco;;4.0277255;9.6890475;;;;Littoral;;;historique_autorise;station_service;implantation;node;
node/3056587773;Texaco;Texaco;4.0414052;9.6873557;;;;Littoral;;;historique_autorise;station_service;implantation;node;
node/3056587774;Texaco;;4.0427586;9.7077224;;;;Littoral;;;historique_autorise;station_service;implantation;node;
node/3056587775;Texaco;Texaco;4.0439574;9.7056735;;;;Littoral;;;historique_autorise;station_service;implantation;node;
node/3056587776;Texaco;;4.05609;9.6954752;;;;Littoral;;;historique_autorise;station_service;implantation;node;
node/3056587777;MRS;;4.0581088;9.7010305;;;;Littoral;;;historique_autorise;station_service;implantation;node;
node/3056587780;Total;Total;4.0156066;9.7265943;;;;Littoral;;;historique_autorise;station_service;implantation;node;
node/3056587781;"TOTAL Manga Bell";TOTAL;4.03661;9.7013101;;;;Littoral;;;historique_autorise;station_service;implantation;node;
node/3056587782;Total;Total;4.040596;9.6870033;;;;Littoral;;;historique_autorise;station_service;implantation;node;
node/3056587783;"TOTAL Jomat";TOTAL;4.0427373;9.7065176;;;;Littoral;;;historique_autorise;station_service;implantation;node;
node/3056587784;"TOTAL Bonalembé";TOTAL;4.0434796;9.7107351;;;;Littoral;;;historique_autorise;station_service;implantation;node;
node/3056587786;"TOTAL Laquintinie";TOTAL;4.0494728;9.7042089;;;;Littoral;;;historique_autorise;station_service;implantation;node;
node/3056587787;"TOTAL Carrefour Z";TOTAL;4.0547778;9.7493386;;;;Littoral;;;historique_autorise;station_service;implantation;node;
node/3056587788;Total;;4.056584;9.6991532;;;;Littoral;;;historique_autorise;station_service;implantation;node;
node/3056587789;"TOTAL Bessengué";TOTAL;4.0568302;9.7088375;;;;Littoral;;;historique_autorise;station_service;implantation;node;
node/3116261380;MRS;;7.3210936;13.5842226;;;;Adamaoua;;;historique_autorise;station_service;implantation;node;
node/3236015623;MRS;;5.4955121;10.3991268;;;;Ouest;;;historique_autorise;station_service;implantation;node;
node/3368185402;"Station sans nom";;6.4660288;12.6256044;;;;Adamaoua;;;historique_autorise;station_service;implantation;node;
node/3393999520;Oilibya;Oilibya;4.7321028;11.2222004;;;;Centre;;;historique_autorise;station_service;implantation;node;
node/3395107286;MRS;MRS;4.7379313;11.221035;;;;Centre;;;historique_autorise;station_service;implantation;node;
node/3604543340;"Total Elig-Essono";TOTAL;3.870397;11.5239792;;;;Centre;;;historique_autorise;station_service;implantation;node;
node/3623018689;"Neptune Oil";;3.8690435;11.5601862;;;;Centre;;;historique_autorise;station_service;implantation;node;
node/3623412472;"Neptune Oil";;3.858375;11.5760088;;;"Rue 4.561";Centre;;;historique_autorise;station_service;implantation;node;
node/3623445775;BOCOM;;3.8632783;11.6010062;;;;Centre;;;historique_autorise;station_service;implantation;node;
node/3636668048;"Oil Libya";;7.3339837;13.5874693;;;;Adamaoua;;;historique_autorise;station_service;implantation;node;
node/3637104936;MRS;;7.2930943;13.5565745;;;;Adamaoua;;;historique_autorise;station_service;implantation;node;
node/3637599044;TOTAL;;5.8884517;14.5479613;;;;Est;;;historique_autorise;station_service;implantation;node;
node/3637621459;TOTAL;;6.5226845;14.2819591;;;;Adamaoua;;;historique_autorise;station_service;implantation;node;
node/3690164372;"TOTAL Buéa";TOTAL;4.1521084;9.2942288;;;;Littoral;;;historique_autorise;station_service;implantation;node;
node/3690570480;Bocom;;4.1458258;9.303322;;;;Littoral;;;historique_autorise;station_service;implantation;node;
node/3704270131;"Station sans nom";;4.1638243;9.2989822;;;;Littoral;;;historique_autorise;station_service;implantation;node;
node/3805350043;Total;;5.1545555;10.1684166;;;;Ouest;;;historique_autorise;station_service;implantation;node;
node/3810629800;"Station sans nom";;5.6551494;10.6113625;;;;Ouest;;;historique_autorise;station_service;implantation;node;
node/3810629801;"Station sans nom";;5.6562064;10.6102682;;;;Ouest;;;historique_autorise;station_service;implantation;node;
node/3813631291;Petrolex;;5.4325299;10.4199957;;;;Ouest;;;historique_autorise;station_service;implantation;node;
node/3813631292;"Bocom Mbouo";;5.4394108;10.4197261;;;;Ouest;;;historique_autorise;station_service;implantation;node;
node/3898603105;"Station sans nom";;4.0964969;9.3126234;;;;Littoral;;;historique_autorise;station_service;implantation;node;
node/4097760301;Tradex;Tradex;4.5613549;13.6431113;;;;Est;;;historique_autorise;station_service;implantation;node;
node/4163604658;Bocom;;4.0026266;9.8127009;;;;Littoral;;;historique_autorise;station_service;implantation;node;
node/4163605093;Blessing;;3.9968505;9.8275824;;;;Littoral;;;historique_autorise;station_service;implantation;node;
node/4163644189;"Total Energies";;4.0035305;9.8531582;;;;Littoral;;;historique_autorise;station_service;implantation;node;
node/4198317990;"Station Neptune";;4.0969057;9.7534095;;;;Littoral;;;historique_autorise;station_service;implantation;node;
node/4199819489;MRS;;4.0968193;9.7491829;;;;Littoral;;;historique_autorise;station_service;implantation;node;
node/4215091493;Gulfin;;3.8404671;11.4770008;;;;Centre;;;historique_autorise;station_service;implantation;node;
node/4237488432;"Station Petrol";;5.4803861;10.4139275;;;;Ouest;;;historique_autorise;station_service;implantation;node;
node/4254428691;"Station Shel";;10.6021112;14.3444284;;;;Extrême-Nord;;;historique_autorise;station_service;implantation;node;
node/4258349443;Total;;5.9543583;10.1466441;;;;Ouest;;;historique_autorise;station_service;implantation;node;
node/4258349444;MRS;;5.9543965;10.1473163;;;;Ouest;;;historique_autorise;station_service;implantation;node;
node/4307758689;Total;;5.9544017;10.1468489;;;"Hospital Roundabout";Ouest;;;historique_autorise;station_service;implantation;node;
node/4322947861;PETROLEX;PETROLEX;3.8478847;11.482905;;;;Centre;;;historique_autorise;station_service;implantation;node;
node/4355986395;"TOTAL Wouri 2";TOTAL;4.0634722;9.7064056;;;;Littoral;;;historique_autorise;station_service;implantation;node;
node/4356068292;"TOTAL Besseke";TOTAL;4.047752;9.6899852;;;;Littoral;;;historique_autorise;station_service;implantation;node;
node/4356102190;Total;;4.0637534;9.7068598;;;;Littoral;;;historique_autorise;station_service;implantation;node;
node/4356187621;Oilibya;Oilibya;4.0365269;9.6904713;;;;Littoral;;;historique_autorise;station_service;implantation;node;
node/4367561021;Total;TOTAL;3.8101154;11.4904264;;;;Centre;;;historique_autorise;station_service;implantation;node;
node/4381907389;"Green Oil";;3.8203963;11.5148993;;;;Centre;;;historique_autorise;station_service;implantation;node;
node/4381912189;"Bota Oil";;3.7847432;11.462674;;;;Centre;;;historique_autorise;station_service;implantation;node;
node/4382170114;"TOTAL Maképé";TOTAL;4.077006;9.7510823;;;;Littoral;;;historique_autorise;station_service;implantation;node;
node/4393873414;"TOTAL Bonateki 2";TOTAL;4.0705969;9.7141088;;;;Littoral;;;historique_autorise;station_service;implantation;node;
node/4394643454;"TOTAL Bonamoussadi 2";TOTAL;4.0842621;9.7325975;;;;Littoral;;;historique_autorise;station_service;implantation;node;
node/4402478177;MRS;;4.0643043;9.7142478;;;;Littoral;;;historique_autorise;station_service;implantation;node;
node/4407233300;"Total ODZA";;3.7863497;11.5244642;;;;Centre;;;historique_autorise;station_service;implantation;node;
node/4409782194;"Total ndop";;5.9881986;10.4352127;;;;Ouest;;;historique_autorise;station_service;implantation;node;
node/4410507090;"Station sans nom";;4.0019502;9.8122784;;;;Littoral;;;historique_autorise;station_service;implantation;node;
node/4411830697;"Petrol Station Santa";;5.8062582;10.1613318;;;;Ouest;;;historique_autorise;station_service;implantation;node;
node/4413057632;Tradex;;4.0441155;9.743154;;;;Littoral;;;historique_autorise;station_service;implantation;node;
node/4413360078;"Alpha oil";;4.060799;9.7847;;;;Littoral;;;historique_autorise;station_service;implantation;node;
node/4413468051;"MRS Village";;4.008832;9.7412931;;;;Littoral;;;historique_autorise;station_service;implantation;node;
node/4413468067;MRS;;4.0068611;9.7529709;;;;Littoral;;;historique_autorise;station_service;implantation;node;
node/4413468079;"Tradex Yassa";;4.0008474;9.8049658;;;;Littoral;;;historique_autorise;station_service;implantation;node;
node/4413468289;"TOTAL Cité des Palmiers";;4.0480436;9.761597;;;;Littoral;;;historique_autorise;station_service;implantation;node;
node/4414657919;"TOTAL Logbaba";TOTAL;4.0372883;9.7608426;;;;Littoral;;;historique_autorise;station_service;implantation;node;
node/4414657923;Gulfin;;4.0327345;9.7661641;;;;Littoral;;;historique_autorise;station_service;implantation;node;
node/4414699604;"Total Ndokoti";;4.0412483;9.7455508;;;;Littoral;;;historique_autorise;station_service;implantation;node;
node/4414699618;Bocom;;4.0356146;9.7527411;;;;Littoral;;;historique_autorise;station_service;implantation;node;
node/4415137594;Neptune;;4.0347886;9.7786334;;;;Littoral;;;historique_autorise;station_service;implantation;node;
node/4447581361;Socamit;;4.0295123;9.7903108;;;;Littoral;;;historique_autorise;station_service;implantation;node;
node/4449200634;Afrigaz;;4.0860991;9.6660779;;;;Littoral;;;historique_autorise;station_service;implantation;node;
node/4470305285;"Green oil";;3.8577444;11.5820319;;;"Rue 4.258";Centre;;;historique_autorise;station_service;implantation;node;
node/4508726764;"Station sans nom";GULFIN;3.8177317;11.4977806;;;;Centre;;;historique_autorise;station_service;implantation;node;
node/4529280336;"Ola Energy";;3.799109;10.1299124;;;;Littoral;;;historique_autorise;station_service;implantation;node;
node/4529280337;MRS;;3.7992808;10.1295424;;;;Littoral;;;historique_autorise;station_service;implantation;node;
node/4562105439;Total;;5.1523796;10.157344;;;;Ouest;;;historique_autorise;station_service;implantation;node;
node/4590235592;"Blessing loum(carrefour tombel)";;4.7209463;9.7224121;;;"Douala-Bafoussam (N5)";Littoral;;;historique_autorise;station_service;implantation;node;
node/4590270492;"TOTAL(place de fêtes de loum)";;4.7217493;9.731533;;;;Littoral;;;historique_autorise;station_service;implantation;node;
node/4590301497;"Camoco loum";;4.715504;9.7218319;;;;Littoral;;;historique_autorise;station_service;implantation;node;
node/4674930591;Tradex;;9.3444989;13.4308519;;;;Nord;;;historique_autorise;station_service;implantation;node;
node/4682168167;SAHEL;;7.3230121;13.5614693;;;;Adamaoua;;;historique_autorise;station_service;implantation;node;
node/4726512872;MRS;;5.1214428;9.9482744;;;;Ouest;;;historique_autorise;station_service;implantation;node;
node/4746498445;"Green Oil";"Green Oil";4.5512514;13.6210926;;;;Est;;;historique_autorise;station_service;implantation;node;
node/4746498447;Oilibya;Oilibya;4.5660531;13.6499531;;;;Est;;;historique_autorise;station_service;implantation;node;
node/4746505871;"Total Bonis";TOTAL;4.5296054;13.6115524;;;;Est;;;historique_autorise;station_service;implantation;node;
node/4746516179;"Confex Oil";;3.9896609;13.1736988;Abong-Mbang;;;Est;;;historique_autorise;station_service;implantation;node;
node/4778527478;Total;Total;2.385707;11.273517;;;;Sud;;;historique_autorise;station_service;implantation;node;
node/4778548323;Tradex;Tradex;2.906872;11.14922;;;;Sud;;;historique_autorise;station_service;implantation;node;
node/4830324696;Bocom;Bocom;3.2581381;10.0617958;;;;Sud;;;historique_autorise;station_service;implantation;node;
node/4978902024;Total;Total;5.1587632;10.5130236;;;;Ouest;;;historique_autorise;station_service;implantation;node;
node/5079686621;"bocom Missoké";;4.064874;9.7424371;;;;Littoral;;;historique_autorise;station_service;implantation;node;
node/5128254854;"Total Nkomo";TOTAL;3.8480798;11.5535802;;;"Rue 4.255";Centre;;;historique_autorise;station_service;implantation;node;
node/5161969333;Bocom;;3.8209514;11.5221262;;;;Centre;;;historique_autorise;station_service;implantation;node;
node/5223383322;"Neptune Oil";;3.8121325;11.530033;;;;Centre;;;historique_autorise;station_service;implantation;node;
node/5236209023;PPSM;;4.0222015;11.5587225;;;;Centre;;;historique_autorise;station_service;implantation;node;
node/5555808709;Oilibya;;4.1659819;11.5349058;;;;Centre;;;historique_autorise;station_service;implantation;node;
node/5555956908;"Green oil";;4.5061535;12.1237585;;;;Centre;;;historique_autorise;station_service;implantation;node;
node/5584771154;Oilibya;;3.9979536;9.8940069;;;;Littoral;;;historique_autorise;station_service;implantation;node;
node/5655218821;"TOTAL Route Bamenda";TOTAL;5.4984473;10.3935763;;;;Ouest;;;historique_autorise;station_service;implantation;node;
node/5671968922;Oilibya;Oilibya;4.6346594;9.4413167;;;;Littoral;;;historique_autorise;station_service;implantation;node;
node/5714566002;"Station sans nom";Total;7.3628511;13.5688953;;;;Adamaoua;;;historique_autorise;station_service;implantation;node;
node/5714575352;Pretrolex;;7.3736117;13.5661117;;;;Adamaoua;;;historique_autorise;station_service;implantation;node;
node/5776915755;"MRS Melen";MRS;3.8639569;11.4980735;;;;Centre;;;historique_autorise;station_service;implantation;node;
node/5776960933;"Total Melen";Total;3.864161;11.4967746;"Yaoundé VI";;;Centre;;;historique_autorise;station_service;implantation;node;
node/5777057774;"MRS MOKOLO";MRS;3.8723525;11.4967994;;;;Centre;;;historique_autorise;station_service;implantation;node;
node/5896761285;"AXX SOPROPEC";;3.7812365;11.5259643;;;;Centre;;;historique_autorise;station_service;implantation;node;
node/5943230937;Blessing;;7.4473157;13.5543682;;;;Adamaoua;;;historique_autorise;station_service;implantation;node;
node/5943236901;"BOCOM Malang";;7.439069;13.5553429;;;;Adamaoua;;;historique_autorise;station_service;implantation;node;
node/5943237575;"Total Dang";Total;7.429679;13.5561613;;;;Adamaoua;;;historique_autorise;station_service;implantation;node;
node/5943240914;"TRADEX Dang";;7.4339897;13.5559045;;;;Adamaoua;;;historique_autorise;station_service;implantation;node;
node/5943263446;Sahel;;7.4226049;13.5532685;;;;Adamaoua;;;historique_autorise;station_service;implantation;node;
node/5943270193;"Station sans nom";Oilibya;7.4076449;13.5488797;;;;Adamaoua;;;historique_autorise;station_service;implantation;node;
node/5943272547;"BOCOM Manwi";;7.3992292;13.5504324;;;;Adamaoua;;;historique_autorise;station_service;implantation;node;
node/5943293512;PETROLEX;;7.3763364;13.56583;;;;Adamaoua;;;historique_autorise;station_service;implantation;node;
node/5943296256;"TOTAL Manwi";;7.3652792;13.5676593;;;;Adamaoua;;;historique_autorise;station_service;implantation;node;
node/5943302059;"TOTAL Centre";;7.3198035;13.5778798;;;;Adamaoua;;;historique_autorise;station_service;implantation;node;
node/5943305911;"TRADEX Gare";;7.3379095;13.5877738;;;;Adamaoua;;;historique_autorise;station_service;implantation;node;
node/5943313617;"BOCOM Tongo";;7.3248715;13.5833502;;;;Adamaoua;;;historique_autorise;station_service;implantation;node;
node/5943323709;"CAMOCO ONAREF";;7.3190693;13.5755496;;;;Adamaoua;;;historique_autorise;station_service;implantation;node;
node/5943324758;"CAMOCO BALADJI 2";;7.321864;13.5741737;;;;Adamaoua;;;historique_autorise;station_service;implantation;node;
node/5943421948;Blessing;;7.44398;13.5521;;;;Adamaoua;;;historique_autorise;station_service;implantation;node;
node/5971350587;CAMOCO;;4.4487138;11.6253735;;;;Centre;;;historique_autorise;station_service;implantation;node;
node/6011132185;Total;Total;4.170355;11.5205482;;;;Centre;;;historique_autorise;station_service;implantation;node;
node/6133234839;Gulfin;;3.7936765;10.1318195;;;;Littoral;;;historique_autorise;station_service;implantation;node;
node/6253284485;Petrolex;;4.0157067;9.1647173;;;;Littoral;;;historique_autorise;station_service;implantation;node;
node/6337753925;"Neptune Oil Bastos";;3.8923801;11.5121202;;;;Centre;;;historique_autorise;station_service;implantation;node;
node/6383237385;"Green Oil Fuel Station";;3.4661788;11.5142601;;;;Centre;;;historique_autorise;station_service;implantation;node;
node/6383237386;"Tradex Fuel Station";;3.8545306;10.5246027;;;;Centre;;;historique_autorise;station_service;implantation;node;
node/6383237485;"Total Fuel Station";;3.520131;11.5122431;;;;Centre;;;historique_autorise;station_service;implantation;node;
node/6383826313;"Station sans nom";private;5.4364169;10.043065;;;;Ouest;;;historique_autorise;station_service;implantation;node;
node/6468628983;Tradex;;3.7912224;10.1375289;;;;Littoral;;;historique_autorise;station_service;implantation;node;
node/6517745334;"Green Oil";;9.0147847;13.507417;;;;Nord;;;historique_autorise;station_service;implantation;node;
node/6684833088;"TOTAL Garoua Gare";TOTAL;9.3062006;13.3978647;;;;Nord;;;historique_autorise;station_service;implantation;node;
node/6684833089;Oilibya;;9.299566;13.3906455;;;;Nord;;;historique_autorise;station_service;implantation;node;
node/6684833090;"Cameroon Oil Company";;9.297598;13.399348;;;;Nord;;;historique_autorise;station_service;implantation;node;
node/6757251141;"TOTAL Garoua Rocade";TOTAL;9.3503899;13.4370618;;;;Nord;;;historique_autorise;station_service;implantation;node;
node/6757251142;"Tradex Lainde";;9.3438488;13.4296174;;;;Nord;;;historique_autorise;station_service;implantation;node;
node/6757251143;Mrs;;9.3065469;13.3982732;;;;Nord;;;historique_autorise;station_service;implantation;node;
node/6757251144;Camoco;;9.3068249;13.3984289;;;;Nord;;;historique_autorise;station_service;implantation;node;
node/6757251145;Total;;9.307199;13.3987437;;;;Nord;;;historique_autorise;station_service;implantation;node;
node/6757251146;Total;;9.3061021;13.3987146;;;;Nord;;;historique_autorise;station_service;implantation;node;
node/6757251147;Oilibya;;9.3063994;13.3987003;;;;Nord;;;historique_autorise;station_service;implantation;node;
node/6772095955;"Green oil graissage";;3.8488474;11.4825093;;;;Centre;;;historique_autorise;station_service;implantation;node;
node/6786934686;Olaxx;;5.4646452;10.4079567;;;;Ouest;;;historique_autorise;station_service;implantation;node;
node/6786934687;MRS;;5.487519;10.4080331;;;;Ouest;;;historique_autorise;station_service;implantation;node;
node/6869458574;"Station sans nom";Total;4.9225911;13.2899246;;;;Est;;;historique_autorise;station_service;implantation;node;
node/6869491722;"Station sans nom";Oilybia;4.9155843;13.2929367;;;;Est;;;historique_autorise;station_service;implantation;node;
node/7051950460;"Station sans nom";;9.9708303;13.6171943;;;;Nord;;;historique_autorise;station_service;implantation;node;
node/7051950461;"Station sans nom";;9.9709887;13.6170375;;;;Nord;;;historique_autorise;station_service;implantation;node;
node/7051950462;"Station sans nom";;9.9739084;13.6138576;;;;Nord;;;historique_autorise;station_service;implantation;node;
node/7051950463;"Station sans nom";;9.9659029;13.6170046;;;;Nord;;;historique_autorise;station_service;implantation;node;
node/7051950464;"Station sans nom";;9.966731;13.6174372;;;;Nord;;;historique_autorise;station_service;implantation;node;
node/7051950465;"Station sans nom";;9.9679431;13.6136865;;;;Nord;;;historique_autorise;station_service;implantation;node;
node/7051950466;"Station sans nom";;9.9680395;13.6126705;;;;Nord;;;historique_autorise;station_service;implantation;node;
node/7051950467;"Station sans nom";;9.9658154;13.6164395;;;;Nord;;;historique_autorise;station_service;implantation;node;
node/7051950468;"Station sans nom";;9.9676971;13.6143822;;;;Nord;;;historique_autorise;station_service;implantation;node;
node/7066191526;MRS;;4.1531671;9.2420744;;;;Littoral;;;historique_autorise;station_service;implantation;node;
node/7066191527;"Station sans nom";;4.1537267;9.2554715;;;;Littoral;;;historique_autorise;station_service;implantation;node;
node/7066191528;Oilshen;;4.1559009;9.263516;;;;Littoral;;;historique_autorise;station_service;implantation;node;
node/7066191529;Tradex;;4.1590125;9.2758219;;;;Littoral;;;historique_autorise;station_service;implantation;node;
node/7066191530;Blessing;;4.1577916;9.2986925;;;;Littoral;;;historique_autorise;station_service;implantation;node;
node/7066191531;"Station sans nom";;4.1494197;9.3003967;;;;Littoral;;;historique_autorise;station_service;implantation;node;
node/7131558856;Total;Total;3.8662781;11.5026352;;;;Centre;;;historique_autorise;station_service;implantation;node;
node/7154176668;"Station sans nom";;3.8880772;11.4578207;;;;Centre;;;historique_autorise;station_service;implantation;node;
node/7169281560;"Alpha Oil";;3.8954358;11.4564771;;;;Centre;;;historique_autorise;station_service;implantation;node;
node/7232270918;"Station sans nom";;3.8630482;11.5260101;;;;Centre;;;historique_autorise;station_service;implantation;node;
node/7232273107;Mrs;MRS;3.8697359;11.5336302;;;;Centre;;;historique_autorise;station_service;implantation;node;
node/7232291265;"Neptune Oil";;3.8798368;11.5551522;;;;Centre;;;historique_autorise;station_service;implantation;node;
node/7241776162;"Neptune Oil";;3.8854299;11.5517817;;;;Centre;;;historique_autorise;station_service;implantation;node;
node/7241799622;"Total Nkolmesseng";Total;3.8844898;11.5568896;;;;Centre;;;historique_autorise;station_service;implantation;node;
node/7241815473;Oilibya;Oilibya;3.8883393;11.5446675;;;;Centre;;;historique_autorise;station_service;implantation;node;
node/7241819636;"Total Ngousso";Total;3.8979224;11.5497151;;;;Centre;;;historique_autorise;station_service;implantation;node;
node/7241827811;"TOTAL Énergie";;3.9028633;11.5454577;;;;Centre;;;historique_autorise;station_service;implantation;node;
node/7241837105;Oaxy;;3.9077958;11.5663431;;;;Centre;;;historique_autorise;station_service;implantation;node;
node/7241837427;Tradex;;3.9052389;11.561096;;;;Centre;;;historique_autorise;station_service;implantation;node;
node/7241842804;"Nickel Oil";;3.8984536;11.5689374;;;;Centre;;;historique_autorise;station_service;implantation;node;
node/7281743785;"Confex oil";;3.8301804;11.4932627;;;;Centre;;;historique_autorise;station_service;implantation;node;
node/7796008385;Bocom;;2.6697733;12.6709187;;;;"Non déterminé";;;historique_autorise;station_service;implantation;node;
node/7831933493;"Neptune Oil";;3.8428954;11.5313545;;;;Centre;;;historique_autorise;station_service;implantation;node;
node/7831987185;Neptune;;3.9017933;11.5342062;;;;Centre;;;historique_autorise;station_service;implantation;node;
node/7831987385;"Neptune Oil";;3.9625711;11.5390011;;;;Centre;;;historique_autorise;station_service;implantation;node;
node/7831987585;"Green Oil";;3.973651;11.5439744;;;;Centre;;;historique_autorise;station_service;implantation;node;
node/7831987586;Axx;;4.0050241;11.557003;;;;Centre;;;historique_autorise;station_service;implantation;node;
node/7832097687;"Alpha oil";;4.3586674;11.2761868;;;;Centre;;;historique_autorise;station_service;implantation;node;
node/7993239585;"Total Babadjou";;5.6789006;10.2090736;;;;Ouest;;;historique_autorise;station_service;implantation;node;
node/7993239787;"Station sans nom";;3.8271901;11.5489561;;;;Centre;;;historique_autorise;station_service;implantation;node;
node/7993239788;Neptune;;3.8245619;11.5434703;;;;Centre;;;historique_autorise;station_service;implantation;node;
node/8148288221;"Station servixe First oil";;4.0717991;9.7181834;;;;Littoral;;;historique_autorise;station_service;implantation;node;
node/8319016292;"Station sans nom";;5.1556651;10.1699951;;;;Ouest;;;historique_autorise;station_service;implantation;node;
node/8460995386;"Station sans nom";"Green Oil";3.8606044;11.5802054;;;;Centre;;;historique_autorise;station_service;implantation;node;
node/8649462899;"Capogco PLC";;6.2724088;10.2862922;Fundong;;"Rue Principale";Ouest;;;historique_autorise;station_service;implantation;node;
node/8976994474;Nepturne;;4.365297;11.4336388;;;;Centre;;;historique_autorise;station_service;implantation;node;
node/9009685318;Tradex;;4.1637299;11.5017235;;;;Centre;;;historique_autorise;station_service;implantation;node;
node/9037993779;"Ola Energy";"Ola Energy";5.4468132;10.4234162;;;;Ouest;;;historique_autorise;station_service;implantation;node;
node/9038061243;"Green Oil Balessing";"Green Oil";5.5002018;10.2458703;;;;Ouest;;;historique_autorise;station_service;implantation;node;
node/9038136014;"Station Service";;5.3881548;10.3304913;;;;Ouest;;;historique_autorise;station_service;implantation;node;
node/9041111341;"TOTAL Olympic";TOTAL;3.8378142;11.4999041;;;;Centre;;;historique_autorise;station_service;implantation;node;
node/9041195035;"TOTAL Briqueterie";Total;3.8759846;11.5077274;;;;Centre;;;historique_autorise;station_service;implantation;node;
node/9041206007;"TOTAL Fouda";Total;3.8734591;11.529517;;;;Centre;;;historique_autorise;station_service;implantation;node;
node/9041239828;"Neptune Etoudi";Neptune;3.9178748;11.5278883;;;;Centre;;;historique_autorise;station_service;implantation;node;
node/9041250683;"TOTAL Etoudi";TOTAL;3.9142476;11.5255963;;;;Centre;;;historique_autorise;station_service;implantation;node;
node/9041273055;"TOTAL Essos";Total;3.8758006;11.5454212;;;;Centre;;;historique_autorise;station_service;implantation;node;
node/9041317864;"TOTAL Mimboman 2";Total;3.863595;11.5460723;;;;Centre;;;historique_autorise;station_service;implantation;node;
node/9041324339;"TOTAL Mimboman 1";Total;3.8677617;11.5495196;;;;Centre;;;historique_autorise;station_service;implantation;node;
node/9049108317;"Station sans nom";;4.0160969;11.5575855;;;;Centre;;;historique_autorise;station_service;implantation;node;
node/9049159893;"Confex Oil";"Confex Oil";4.0346016;11.553947;;;;Centre;;;historique_autorise;station_service;implantation;node;
node/9049160575;"Actif Oil";"Actif Oil";4.0635747;11.5534226;;;;Centre;;;historique_autorise;station_service;implantation;node;
node/9070305672;"BG Petroleum";;3.8018401;11.3423219;;;;Centre;;;historique_autorise;station_service;implantation;node;
node/9079151417;"Gulfin nsam";;3.832316;11.5111663;;;;Centre;;;historique_autorise;station_service;implantation;node;
node/9151331617;"TOTAL Mbanga Bakoko";TOTAL;4.0175835;9.7962153;;;;Littoral;;;historique_autorise;station_service;implantation;node;
node/9151331717;"TOTAL Ndogpassi";TOTAL;4.0101406;9.7489035;;;;Littoral;;;historique_autorise;station_service;implantation;node;
node/9151331817;"TOTAL Aéroport Dla";TOTAL;4.0155083;9.7267159;;;;Littoral;;;historique_autorise;station_service;implantation;node;
node/9151890917;"TOTAL Grand MALL";TOTAL;4.0249662;9.7203478;;;;Littoral;;;historique_autorise;station_service;implantation;node;
node/9151967617;"TOTAL Independence";TOTAL;4.0276968;9.7064831;;;;Littoral;;;historique_autorise;station_service;implantation;node;
node/9152033717;"TOTAL Neuilly 2";TOTAL;4.0279807;9.6886937;;;;Littoral;;;historique_autorise;station_service;implantation;node;
node/9152033817;"TOTAL Njo Njo";TOTAL;4.0359295;9.6947405;;;;Littoral;;;historique_autorise;station_service;implantation;node;
node/9152077517;"TOTAL Ngodi";TOTAL;4.0430855;9.709905;;;;Littoral;;;historique_autorise;station_service;implantation;node;
node/9152077518;"TOTAL Président";TOTAL;4.0456781;9.6987054;;;;Littoral;;;historique_autorise;station_service;implantation;node;
node/9152109117;"TOTAL Kassalafam";TOTAL;4.0364567;9.7114226;;;;Littoral;;;historique_autorise;station_service;implantation;node;
node/9152157617;"TOTAL Réunification";TOTAL;4.0543558;9.7150694;;;;Littoral;;;historique_autorise;station_service;implantation;node;
node/9152162218;"TOTAL Wouri 1";;4.063743;9.706861;;;;Littoral;;;historique_autorise;station_service;implantation;node;
node/9152190717;"TOTAL Bonamoudourou";;4.0595749;9.7114202;;;;Littoral;;;historique_autorise;station_service;implantation;node;
node/9152203217;"TOTAL Bepanda Yoyong";TOTAL;4.06591;9.7317752;;;;Littoral;;;historique_autorise;station_service;implantation;node;
node/9152236717;"TOTAL Gare Bassa";TOTAL;4.0421846;9.7445008;;;;Littoral;;;historique_autorise;station_service;implantation;node;
node/9152236817;"TOTAL MAGZI Dla";TOTAL;4.0389107;9.7415026;;;;Littoral;;;historique_autorise;station_service;implantation;node;
node/9152236818;"TOTAL Cité SIC";TOTAL;4.0475914;9.728221;;;;Littoral;;;historique_autorise;station_service;implantation;node;
node/9152250617;"TOTAL Beedi";TOTAL;4.0611157;9.765368;;;;Littoral;;;historique_autorise;station_service;implantation;node;
node/9152250618;"TOTAL Logpom";TOTAL;4.0833768;9.7703447;;;;Littoral;;;historique_autorise;station_service;implantation;node;
node/9152250717;"TOTAL PK 12";TOTAL;4.0646222;9.7875065;;;;Littoral;;;historique_autorise;station_service;implantation;node;
node/9152372517;"TOTAL Bonaberi 1";TOTAL;4.0808926;9.6647655;;;;Littoral;;;historique_autorise;station_service;implantation;node;
node/9152372518;"TOTAL Bojongo";TOTAL;4.0994153;9.6363047;;;;Littoral;;;historique_autorise;station_service;implantation;node;
node/9152372617;"TOTAL Bonaberi 1";TOTAL;4.0823436;9.6682557;;;;Littoral;;;historique_autorise;station_service;implantation;node;
node/9152499717;"TOTAL Tiko";TOTAL;4.0846646;9.3526977;;;;Littoral;;;historique_autorise;station_service;implantation;node;
node/9152499718;"TOTAL Unité";TOTAL;5.477098;10.4176539;;;;Ouest;;;historique_autorise;station_service;implantation;node;
node/9152499719;"TOTAL Garoua Marché";TOTAL;9.3071373;13.3986318;;;;Nord;;;historique_autorise;station_service;implantation;node;
node/9152499817;"TOTAL Centre Commercial Bfa";TOTAL;5.478883;10.4156166;;;;Ouest;;;historique_autorise;station_service;implantation;node;
node/9152499818;"TOTAL Obala";TOTAL;4.1407438;11.530086;;;;Centre;;;historique_autorise;station_service;implantation;node;
node/9152499819;"TOTAL Garoua";TOTAL;9.3060597;13.3987041;;;;Nord;;;historique_autorise;station_service;implantation;node;
node/9152500217;"TOTAL Chefferie Bfa";TOTAL;5.4688117;10.4222359;;;;Ouest;;;historique_autorise;station_service;implantation;node;
node/9152500317;"TOTAL Bamendzi";TOTAL;5.4595052;10.4276743;;;;Ouest;;;historique_autorise;station_service;implantation;node;
node/9152500617;"TOTAL Bandjoun";TOTAL;5.3711748;10.4137742;;;;Ouest;;;historique_autorise;station_service;implantation;node;
node/9159484017;"TOTAL Route Foumban";TOTAL;5.4846897;10.436734;;;;Ouest;;;historique_autorise;station_service;implantation;node;
node/9210525217;"Station service";;5.3664707;10.4118664;;;;Ouest;;;historique_autorise;station_service;implantation;node;
node/9779831590;"Gulfin-Santa Barbara";;3.9150361;11.5321218;;;;Centre;;;historique_autorise;station_service;implantation;node;
node/9865771264;"InterOil Edea.PM";;3.7889616;10.1411265;;;;Littoral;;;historique_autorise;station_service;implantation;node;
node/9961426197;"Actif Oil";;3.9015855;11.8670824;;;;Centre;;;historique_autorise;station_service;implantation;node;
node/9961427116;"Total Nlobisson";Total;3.857183;11.6234855;;;;Centre;;;historique_autorise;station_service;implantation;node;
node/10171184318;"Tradex Simbock";;3.8264246;11.4709851;;;;Centre;;;historique_autorise;station_service;implantation;node;
node/10171194317;"Tradex Mendong";;3.8312989;11.4721592;;;;Centre;;;historique_autorise;station_service;implantation;node;
node/10231599007;"Neptune Mbalngong";;3.8021264;11.4638552;;;;Centre;;;historique_autorise;station_service;implantation;node;
node/10255477320;"Station sans nom";;3.8836348;10.8489105;;;;Centre;;;historique_autorise;station_service;implantation;node;
node/10591287507;"Total 3 Corners";;4.634375;9.4682873;;;;Littoral;;;historique_autorise;station_service;implantation;node;
node/10737360307;GP;;3.4436033;12.4466595;;;;Centre;;;historique_autorise;station_service;implantation;node;
node/11384370511;"Bota Oil";;3.8025405;11.5095999;;;;Centre;;;historique_autorise;station_service;implantation;node;
node/11384443713;"Neptune Oil";;3.7949755;11.4846427;;;;Centre;;;historique_autorise;station_service;implantation;node;
node/11384443905;Blessing;;3.7751378;11.5344342;;;;Centre;;;historique_autorise;station_service;implantation;node;
node/11384445117;Blessing;;3.788249;11.4703788;;;;Centre;;;historique_autorise;station_service;implantation;node;
node/11394042529;"Neptune Oil";;3.7947423;11.4846713;;;;Centre;;;historique_autorise;station_service;implantation;node;
node/11394091101;Bocom;;3.793219;11.4740315;;;;Centre;;;historique_autorise;station_service;implantation;node;
node/11394103230;Ola;;3.7965908;11.4994371;;;;Centre;;;historique_autorise;station_service;implantation;node;
node/11455047214;NKOL-SO'O;E.Leclerc;3.8698262;11.4804258;;;;Centre;;;historique_autorise;station_service;implantation;node;
node/11514511665;"Station sans nom";;6.079552;11.4783653;;;;"Non déterminé";;;historique_autorise;station_service;implantation;node;
node/11549320435;Total;Total;3.8194117;11.5604351;Yaoundé;;;Centre;;;historique_autorise;station_service;implantation;node;
node/11971952279;"Station sans nom";;5.1521015;10.0130986;;;;Ouest;;;historique_autorise;station_service;implantation;node;
node/12157523283;Total;;3.7983809;10.1298693;;;;Littoral;;;historique_autorise;station_service;implantation;node;
node/12228155474;Tradex;;3.6432294;10.7796644;;;;Centre;;;historique_autorise;station_service;implantation;node;
node/12441688703;"Nickel Oil";;3.7853498;11.4540398;;;;Centre;;;historique_autorise;station_service;implantation;node;
node/12448388401;"Green Oil";;4.9706434;10.7088823;;;;Centre;;;historique_autorise;station_service;implantation;node;
node/12448388402;Bocom;;4.9748904;10.7056657;;;;Centre;;;historique_autorise;station_service;implantation;node;
node/12643359255;"Bocom Ahala";Bocom;3.8010727;11.5055149;;;;Centre;;;historique_autorise;station_service;implantation;node;
node/12722713230;"Station sans nom";;4.0717287;11.5530625;;;;Centre;;;historique_autorise;station_service;implantation;node;
node/12723954700;"Station sans nom";;4.1688934;11.5219779;;;;Centre;;;historique_autorise;station_service;implantation;node;
node/12731347689;"Station sans nom";;4.5050801;12.1132008;;;;Centre;;;historique_autorise;station_service;implantation;node;
node/12736395461;"Station sans nom";;3.8168022;11.5139641;;;;Centre;;;historique_autorise;station_service;implantation;node;
node/12737572367;"Station sans nom";;3.9412701;10.0473573;;;;Littoral;;;historique_autorise;station_service;implantation;node;
node/12737632998;"Station sans nom";;4.0093589;9.8667865;;;;Littoral;;;historique_autorise;station_service;implantation;node;
node/12737632999;Bocom;;3.9956904;9.8350979;;;;Littoral;;;historique_autorise;station_service;implantation;node;
node/12737636708;"Station sans nom";;3.9853381;9.9091121;;;;Littoral;;;historique_autorise;station_service;implantation;node;
node/12737636950;Petroleum;;4.0094;9.872948;;;;Littoral;;;historique_autorise;station_service;implantation;node;
node/12737637832;"Alpha axx";;4.002897;9.8870021;;;;Littoral;;;historique_autorise;station_service;implantation;node;
node/12753139389;"Vision Energy";;4.0862899;9.79529;;;;Littoral;;;historique_autorise;station_service;implantation;node;
node/12761830566;Neptune;;4.1596699;11.5334902;;;;Centre;;;historique_autorise;station_service;implantation;node;
node/13018559601;"Tradex  petrol station";;4.0194457;9.1781911;;;;Littoral;;;historique_autorise;station_service;implantation;node;
node/13141125736;"Station sans nom";;3.7886183;11.4231686;;;;Centre;;;historique_autorise;station_service;implantation;node;
node/13157719451;"Africa Petroleum";"Africa Petroleum";4.5793325;13.7088856;;;;Est;;;historique_autorise;station_service;implantation;node;
way/35897077;"Tradex Bastos";Tradex;3.883005;11.5126943;;;;Centre;;;historique_autorise;station_service;implantation;way;
way/131547711;Texaco;Texaco;4.0898879;9.6613479;;;;Littoral;;;historique_autorise;station_service;implantation;way;
way/188156364;"Total Mfoundassi 1";TOTAL;3.8491472;11.5211198;;;;Centre;;;historique_autorise;station_service;implantation;way;
way/192007408;"DELTA PETROLEUM";"DELTA PETROLEUM";3.9098702;11.5247279;;;;Centre;;;historique_autorise;station_service;implantation;way;
way/192815535;Texaco;Texaco;3.8756134;11.5452815;;;;Centre;;;historique_autorise;station_service;implantation;way;
way/192853072;Total;Total;3.851092;11.5214636;;;;Centre;;;historique_autorise;station_service;implantation;way;
way/192869854;MRS;MRS;3.8473589;11.5211143;;;;Centre;;;historique_autorise;station_service;implantation;way;
way/212279920;Total;;5.3343132;10.3681808;;;;Ouest;;;historique_autorise;station_service;implantation;way;
way/220730930;"First Oil Cameroun";;9.3075867;13.3988202;;;;Nord;;;historique_autorise;station_service;implantation;way;
way/220730981;Texaco;Texaco;9.3065968;13.3982427;;;;Nord;;;historique_autorise;station_service;implantation;way;
way/220730986;Total;Total;9.3071382;13.3986296;;;;Nord;;;historique_autorise;station_service;implantation;way;
way/221016426;Total;Total;3.8733856;11.5295662;;;;Centre;;;historique_autorise;station_service;implantation;way;
way/221315610;"oil lybia";Oilibya;3.8501318;11.4863364;;;;Centre;;;historique_autorise;station_service;implantation;way;
way/221397877;MRS;MRS;3.8858914;11.5362591;;;;Centre;;;historique_autorise;station_service;implantation;way;
way/221413682;Oilibya;Oilibya;3.8526471;11.5373849;;;;Centre;;;historique_autorise;station_service;implantation;way;
way/221413683;SOCAEPE;Socaepe;3.7940623;11.5221469;;;;Centre;;;historique_autorise;station_service;implantation;way;
way/221413691;"Neptune Oil";Total;3.8577218;11.5219227;;;;Centre;;;historique_autorise;station_service;implantation;way;
way/221718611;"Total Maczi";;3.8064142;11.5136951;;;;Centre;;;historique_autorise;station_service;implantation;way;
way/221800884;"Neptune oil";;3.8512417;11.5324178;;;;Centre;;;historique_autorise;station_service;implantation;way;
way/221845007;"CARE OIL";"CAIRE OIL";3.867405;11.5512004;;;;Centre;;;historique_autorise;station_service;implantation;way;
way/221997410;Total;Total;9.3061541;13.3978153;;;;Nord;;;historique_autorise;station_service;implantation;way;
way/222053036;Total;Total;3.8979546;11.5499172;;;;Centre;;;historique_autorise;station_service;implantation;way;
way/222055085;"Ola Energy";;3.8832828;11.5187355;;;;Centre;;;historique_autorise;station_service;implantation;way;
way/222057756;OILIBYA;OILIBYA;3.8776879;11.4950645;;;;Centre;;;historique_autorise;station_service;implantation;way;
way/222058139;"Total Boulevard Presidentiel";Total;3.8847537;11.5206492;;;;Centre;;;historique_autorise;station_service;implantation;way;
way/222059037;Total;Total;3.8674155;11.5269818;;;;Centre;;;historique_autorise;station_service;implantation;way;
way/222788676;CAMOCO;;9.3068407;13.3985571;;;;Nord;;;historique_autorise;station_service;implantation;way;
way/227669448;Total;Total;9.3060685;13.398716;;;;Nord;;;historique_autorise;station_service;implantation;way;
way/236634488;"Tradex Nkolbikok";Tradex;3.8715682;11.4915085;;;;Centre;;;historique_autorise;station_service;implantation;way;
way/237101756;"Total Nkomkana";Total;3.8839746;11.4952448;;;;Centre;;;historique_autorise;station_service;implantation;way;
way/245261460;CAMOCO;;4.6026415;11.2564549;;;;Centre;;;historique_autorise;station_service;implantation;way;
way/292686602;"BLESSING AKAK II";BLESSING;3.9863891;11.5554672;;;;Centre;;;historique_autorise;station_service;implantation;way;
way/292698055;"STATION NEPTUNE";;3.9634542;11.5935492;;;;Centre;;;historique_autorise;station_service;implantation;way;
way/293913500;Total;Total;4.1739514;15.0316429;;;;Est;;;historique_autorise;station_service;implantation;way;
way/293962429;"Total Akak";Total;3.997168;11.5573582;;;;Centre;;;historique_autorise;station_service;implantation;way;
way/294164591;"GOSHEM OIL";"Green Oil";3.9737016;11.5933133;;;;Centre;;;historique_autorise;station_service;implantation;way;
way/299465027;"Bocom Mambanda";;4.071098;9.6669647;;;;Littoral;;;historique_autorise;station_service;implantation;way;
way/299611286;MRS;MRS;4.02649;9.7061973;;;;Littoral;;;historique_autorise;station_service;implantation;way;
way/299611429;"Total Indépendance";Total;4.0277051;9.7064829;;;;Littoral;;;historique_autorise;station_service;implantation;way;
way/299769318;Gulfin;;4.084013;9.7211786;;;;Littoral;;;historique_autorise;station_service;implantation;way;
way/299779333;Oilibya;;4.0636462;9.7172876;;;;Littoral;;;historique_autorise;station_service;implantation;way;
way/299824602;Oilibya;Oilibya;4.0180628;9.72417;;;;Littoral;;;historique_autorise;station_service;implantation;way;
way/299825634;Oilibya;Oilibya;4.0177398;9.725463;;;;Littoral;;;historique_autorise;station_service;implantation;way;
way/299831142;MRS;;4.0484407;9.724433;;;;Littoral;;;historique_autorise;station_service;implantation;way;
way/299875734;Bocom;;4.0623564;9.7296506;;;;Littoral;;;historique_autorise;station_service;implantation;way;
way/300101513;Total;;4.0389054;9.7415008;;;;Littoral;;;historique_autorise;station_service;implantation;way;
way/300109525;"Oilibya Ndokoti";;4.0491801;9.7402691;;;;Littoral;;;historique_autorise;station_service;implantation;way;
way/300199438;Texaco;;4.053697;9.7487196;;;;Littoral;;;historique_autorise;station_service;implantation;way;
way/300248635;Bocom;Bocom;4.0356644;9.7527935;;;;Littoral;;;historique_autorise;station_service;implantation;way;
way/300315420;Tradex;Tradex;4.0862885;9.7586654;;;;Littoral;;;historique_autorise;station_service;implantation;way;
way/300364785;"MRS Cité des Palmiers";MRS;4.0520822;9.7615501;;;;Littoral;;;historique_autorise;station_service;implantation;way;
way/300385595;"Total Beedi";Total;4.0611211;9.7653663;;;;Littoral;;;historique_autorise;station_service;implantation;way;
way/300392340;Neptune;Neptune;4.087096;9.7654873;;;;Littoral;;;historique_autorise;station_service;implantation;way;
way/300467907;Gulfin;Gulfin;4.0743268;9.7929796;;;;Littoral;;;historique_autorise;station_service;implantation;way;
way/300468079;"Citizen's Oil";;4.0831716;9.7832263;;;;Littoral;;;historique_autorise;station_service;implantation;way;
way/300475018;"Alpha Oil";"Alpha Oil";4.0607546;9.7849266;;;;Littoral;;;historique_autorise;station_service;implantation;way;
way/301594361;Oilibya;Oilibya;4.0397353;9.7473085;;;;Littoral;;;historique_autorise;station_service;implantation;way;
way/301594362;Oilibya;;4.0278861;9.7285257;;;;Littoral;;;historique_autorise;station_service;implantation;way;
way/301594364;Oilibya;;4.0478284;9.7206541;;;;Littoral;;;historique_autorise;station_service;implantation;way;
way/301594365;Total;Total;4.0472376;9.7280146;;;;Littoral;;;historique_autorise;station_service;implantation;way;
way/301594366;Total;;4.047591;9.7282257;;;;Littoral;;;historique_autorise;station_service;implantation;way;
way/301594367;MRS;;4.0482529;9.7695485;;;;Littoral;;;historique_autorise;station_service;implantation;way;
way/301594368;Texaco;;4.0087401;9.7414067;;;;Littoral;;;historique_autorise;station_service;implantation;way;
way/301594369;"MRS Ndokoti";;4.0445078;9.7482123;;;;Littoral;;;historique_autorise;station_service;implantation;way;
way/301594370;"MRS Nkololoun";MRS;4.0367564;9.7138892;;;;Littoral;;;historique_autorise;station_service;implantation;way;
way/301594371;Texaco;;4.0427199;9.7092078;;;;Littoral;;;historique_autorise;station_service;implantation;way;
way/301594372;MRS;;4.0503285;9.7181101;;;;Littoral;;;historique_autorise;station_service;implantation;way;
way/301594373;Texaco;;4.008001;9.7494547;;;;Littoral;;;historique_autorise;station_service;implantation;way;
way/301594374;MRS;;4.0509756;9.7381981;;;;Littoral;;;historique_autorise;station_service;implantation;way;
way/301594375;Texaco;;4.0292405;9.735952;;;;Littoral;;;historique_autorise;station_service;implantation;way;
way/301594376;MRS;MRS;4.0959376;9.651597;;;;Littoral;;;historique_autorise;station_service;implantation;way;
way/301594377;MRS;MRS;4.0473911;9.6995396;;;;Littoral;;;historique_autorise;station_service;implantation;way;
way/301594378;Texaco;Texaco;4.0749808;9.6742789;;;;Littoral;;;historique_autorise;station_service;implantation;way;
way/301594380;MRS;;4.0502713;9.7184178;;;;Littoral;;;historique_autorise;station_service;implantation;way;
way/301594381;Texaco;;4.034308;9.7349603;;;;Littoral;;;historique_autorise;station_service;implantation;way;
way/301594382;MRS;;4.0667782;9.7161692;;;;Littoral;;;historique_autorise;station_service;implantation;way;
way/301594383;"Total Palmiers";Total;4.0480597;9.7616696;;;;Littoral;;;historique_autorise;station_service;implantation;way;
way/301594384;"Total Président";Total;4.0456745;9.698742;;;;Littoral;;;historique_autorise;station_service;implantation;way;
way/301594385;Total;;4.0430924;9.7099152;;;;Littoral;;;historique_autorise;station_service;implantation;way;
way/301594386;"Total Koch";;4.053575;9.704452;;;;Littoral;;;historique_autorise;station_service;implantation;way;
way/301594387;Total;;4.0610414;9.7225122;;;;Littoral;;;historique_autorise;station_service;implantation;way;
way/301594388;Total;;4.0543537;9.7150653;;;;Littoral;;;historique_autorise;station_service;implantation;way;
way/301594389;Total;;4.0595767;9.7114148;;;;Littoral;;;historique_autorise;station_service;implantation;way;
way/301594390;Total;Total;4.0808852;9.6647668;;;;Littoral;;;historique_autorise;station_service;implantation;way;
way/301594391;Total;;4.0447053;9.712407;;;;Littoral;;;historique_autorise;station_service;implantation;way;
way/301594392;"Total Njoh Njoh";Total;4.0359349;9.6947418;;;;Littoral;;;historique_autorise;station_service;implantation;way;
way/307522398;"Station Essence TOTAL";;9.3505333;13.4370921;;;;Nord;;;historique_autorise;station_service;implantation;way;
way/307522402;Tradex;;9.3436699;13.4295531;;;;Nord;;;historique_autorise;station_service;implantation;way;
way/310699997;BOCOM;BOCOM;3.540424;15.0575365;;;;Est;;;historique_autorise;station_service;implantation;way;
way/311823327;"Station sans nom";Total;3.2352205;10.7275504;;;;Centre;;;historique_autorise;station_service;implantation;way;
way/320595368;"Station sans nom";;6.5481027;14.2669821;;;;Adamaoua;;;historique_autorise;station_service;implantation;way;
way/324996199;"Station sans nom";"Station TOTAL";4.7442516;11.2258086;;;;Centre;;;historique_autorise;station_service;implantation;way;
way/326240859;"Total Bafia 2";Total;4.7397578;11.2208793;;;;Centre;;;historique_autorise;station_service;implantation;way;
way/332151769;"Station sans nom";"Boccom Station Service";4.7470544;11.2272162;;;;Centre;;;historique_autorise;station_service;implantation;way;
way/339167769;"Green Oil";"Green Oil";3.788337;11.4308256;;;;Centre;;;historique_autorise;station_service;implantation;way;
way/354257851;"MRS Olezoa";MRS;3.8500325;11.5149729;;;"Avenue Charles Atangana";Centre;;;historique_autorise;station_service;implantation;way;
way/355442657;"Station sans nom";"Station TOTAL";4.3612635;11.4396018;;;;Centre;;;historique_autorise;station_service;implantation;way;
way/369093877;"SOCAMIT OIL";SOCAMIT;4.1166574;9.5901054;;;;Littoral;;;historique_autorise;station_service;implantation;way;
way/369119639;"STATION BLESSING YAPAKI";BLESSING;4.1279586;9.5889155;;;;Littoral;;;historique_autorise;station_service;implantation;way;
way/369125448;"Station sans nom";;4.1307715;9.5803036;;;;Littoral;;;historique_autorise;station_service;implantation;way;
way/369125450;CAMOCO;;4.1681027;9.5980068;;;;Littoral;;;historique_autorise;station_service;implantation;way;
way/369125452;"Station service Blessing";;4.1290262;9.5800871;;;;Littoral;;;historique_autorise;station_service;implantation;way;
way/369125454;"Station service CITIZEN";;4.1332651;9.5772648;;;;Littoral;;;historique_autorise;station_service;implantation;way;
way/369127384;"CONFEX OIL";;4.228133;9.6129799;;;;Littoral;;;historique_autorise;station_service;implantation;way;
way/380081306;Total;;11.0404966;14.1528276;;;;Extrême-Nord;;;historique_autorise;station_service;implantation;way;
way/387105969;Tradex;TRADEX;3.8550876;11.5476088;;;;Centre;;;historique_autorise;station_service;implantation;way;
way/387112858;"Total Biteng";Total;3.8501306;11.5620168;Yaoundé;;;Centre;;;historique_autorise;station_service;implantation;way;
way/387654067;Oilibya;;4.0896114;9.3168853;;;;Littoral;;;historique_autorise;station_service;implantation;way;
way/399687647;"Ancienne station mobile";;12.088709;15.004801;;;;Extrême-Nord;;;historique_autorise;station_service;implantation;way;
way/403492653;"Tradex Kamkop";;5.5016861;10.3859132;;;;Ouest;;;historique_autorise;station_service;implantation;way;
way/408223073;"MRS CORLAY";MRS;2.9358051;11.9759768;;;;Sud;;;historique_autorise;station_service;implantation;way;
way/408223075;"Total Sangmelina";Total;2.9353993;11.9760874;;;;Sud;;;historique_autorise;station_service;implantation;way;
way/408230008;"MRS Nko'Ovos";MRS;2.9182473;11.1525881;;;;Sud;;;historique_autorise;station_service;implantation;way;
way/408230009;Oilibya;Oilibya;2.9189961;11.1518863;;;;Sud;;;historique_autorise;station_service;implantation;way;
way/408230011;"Tradex Ebolowa";Tradex;2.9198071;11.1522621;;;;Sud;;;historique_autorise;station_service;implantation;way;
way/408235989;MRS;TOTAL;2.920176;11.1515213;;;;Sud;;;historique_autorise;station_service;implantation;way;
way/408239702;Tradex;Tradex;2.9393236;9.9094128;;;;Sud;;;historique_autorise;station_service;implantation;way;
way/408239703;"Delta Petroleum";"Delta Petroleum";2.939278;9.9096052;;;;Sud;;;historique_autorise;station_service;implantation;way;
way/408244228;"Total Kribi";Total;2.9406687;9.9152228;;;;Sud;;;historique_autorise;station_service;implantation;way;
way/408246826;"MRS Coray Kribi";MRS;2.9514124;9.9133628;;;;Sud;;;historique_autorise;station_service;implantation;way;
way/409817341;"Delta Petroleum";"Delta Petroleum";4.0331378;9.8235836;;;;Littoral;;;historique_autorise;station_service;implantation;way;
way/409819013;"Total Mbanga Bakoko";Total;4.0174851;9.7962281;;;;Littoral;;;historique_autorise;station_service;implantation;way;
way/409834970;Oilibya;Oilibya;4.1051084;9.617947;;;;Littoral;;;historique_autorise;station_service;implantation;way;
way/409835769;MRS;MRS;4.101753;9.6219636;;;;Littoral;;;historique_autorise;station_service;implantation;way;
way/409954398;"Petrolex Bojongo";Petrolex;4.1024883;9.6289909;;;;Littoral;;;historique_autorise;station_service;implantation;way;
way/409954400;"Total Bojongo";Total;4.0993769;9.6362374;;;;Littoral;;;historique_autorise;station_service;implantation;way;
way/409957878;Total;Total;4.0989583;9.6370815;;;;Littoral;;;historique_autorise;station_service;implantation;way;
way/409963452;Complex-Oil;Complex-Oil;4.0951322;9.6412715;;;;Littoral;;;historique_autorise;station_service;implantation;way;
way/409975080;"Neptune Oil";Neptune;4.0962662;9.6535277;;;;Littoral;;;historique_autorise;station_service;implantation;way;
way/409990727;Bocom;;4.0655299;9.6793472;;;;Littoral;;;historique_autorise;station_service;implantation;way;
way/409995946;Bocom;Bocom;4.0673304;9.6863503;;;;Littoral;;;historique_autorise;station_service;implantation;way;
way/409998806;Total;Total;4.0688306;9.690032;;;;Littoral;;;historique_autorise;station_service;implantation;way;
way/410002744;MRS;MRS;4.0277848;9.6983928;;;;Littoral;;;historique_autorise;station_service;implantation;way;
way/410004193;"Oilibya Bonapriso";Oilibya;4.0321676;9.6953425;;;;Littoral;;;historique_autorise;station_service;implantation;way;
way/410012839;"Station sans nom";Tradex;3.7983213;11.521972;;;;Centre;;;historique_autorise;station_service;implantation;way;
way/410017102;"PETROLEX Mvan";;3.8139256;11.5116146;;;;Centre;;;historique_autorise;station_service;implantation;way;
way/410018406;"Petrolex Nsam";;3.8163875;11.509554;;;;Centre;;;historique_autorise;station_service;implantation;way;
way/410018413;Neptune;Neptune;4.0809197;9.7942244;;;;Littoral;;;historique_autorise;station_service;implantation;way;
way/410018980;"Total PK12";Total;4.0646273;9.7875077;;;;Littoral;;;historique_autorise;station_service;implantation;way;
way/410020386;"Tradex Nsam";Tradex;3.8234602;11.5083143;;;;Centre;;;historique_autorise;station_service;implantation;way;
way/410022865;"MRS Nsam";MRS;3.8284127;11.5083382;;;;Centre;;;historique_autorise;station_service;implantation;way;
way/410035230;Tradex;Tradex;4.0500319;9.7758484;;;;Littoral;;;historique_autorise;station_service;implantation;way;
way/410035455;"Tradex Damas";Tradex;3.8162954;11.4893396;;;;Centre;;;historique_autorise;station_service;implantation;way;
way/410035659;"GULFIN Obobogo";;3.8232543;11.5018035;;;;Centre;;;historique_autorise;station_service;implantation;way;
way/410036313;"Neptune Oil Tropicana";;3.8165801;11.5259907;;;;Centre;;;historique_autorise;station_service;implantation;way;
way/410036784;Total;Total;3.825068;11.5369121;;;;Centre;;;historique_autorise;station_service;implantation;way;
way/410037427;"MRS Mvan";MRS;3.8269176;11.5173879;;;;Centre;;;historique_autorise;station_service;implantation;way;
way/410040013;"Total Mvan";Total;3.828399;11.5178544;;;;Centre;;;historique_autorise;station_service;implantation;way;
way/410044214;Oilibya;Oilibya;4.071856;9.7264304;;;;Littoral;;;historique_autorise;station_service;implantation;way;
way/410044458;Total;Total;4.0652102;9.7329295;;;;Littoral;;;historique_autorise;station_service;implantation;way;
way/410050300;"MRS SOPECAM";MRS;3.8442926;11.5165014;;;;Centre;;;historique_autorise;station_service;implantation;way;
way/410051367;"Oillybia Olezoa";Oillybia;3.8472788;11.5146692;;;;Centre;;;historique_autorise;station_service;implantation;way;
way/410052451;Total;TOTAL;3.8485204;11.5184284;;;;Centre;;;historique_autorise;station_service;implantation;way;
way/410052800;CAMACO;CAMACO;3.8311732;11.4823858;;;;Centre;;;historique_autorise;station_service;implantation;way;
way/410056112;"TRADEX Mendong 2";TRADEX;3.826491;11.4709673;;;;Centre;;;historique_autorise;station_service;implantation;way;
way/410056671;"Tradex Mendong";Tradex;3.8311717;11.4721874;;;;Centre;;;historique_autorise;station_service;implantation;way;
way/410057016;IRESCO;IRESCO;3.8312628;11.4659949;;;;Centre;;;historique_autorise;station_service;implantation;way;
way/410057218;"Green oil";"GREEN OIL";3.8372233;11.4741598;;;;Centre;;;historique_autorise;station_service;implantation;way;
way/410060047;"Total Mendong";Total;3.8303238;11.4771682;;;;Centre;;;historique_autorise;station_service;implantation;way;
way/410061880;"Oilibya Rond-Point Express";Oilibya;3.8356756;11.4842429;;;;Centre;;;historique_autorise;station_service;implantation;way;
way/410066051;Oilibya;Oilibya;3.8484589;11.4864223;;;;Centre;;;historique_autorise;station_service;implantation;way;
way/410066052;"Total Énergies Biyem-Assi 2";Total;3.8492059;11.4864515;;;;Centre;;;historique_autorise;station_service;implantation;way;
way/410067687;MRS;MRS;3.8556442;11.4903766;;;;Centre;;;historique_autorise;station_service;implantation;way;
way/410068480;TRADEX;TRADEX;3.8581668;11.4833862;;;;Centre;;;historique_autorise;station_service;implantation;way;
way/410212772;"Tradex Ndokoti";;4.044137;9.7431688;;;;Littoral;;;historique_autorise;station_service;implantation;way;
way/410213889;"Station sans nom";TOTAL;3.8378413;11.499836;;;;Centre;;;historique_autorise;station_service;implantation;way;
way/410213890;"MRS Nsimeyong";MRS;3.8399965;11.4963594;;;;Centre;;;historique_autorise;station_service;implantation;way;
way/410213891;"Total Nsimeyong";Total;3.834517;11.4944917;;;;Centre;;;historique_autorise;station_service;implantation;way;
way/410215677;Tradex;Tradex;3.8438966;11.5014159;;;;Centre;;;historique_autorise;station_service;implantation;way;
way/410217037;Gulfin;Gulfin;4.0335364;9.7333716;;;;Littoral;;;historique_autorise;station_service;implantation;way;
way/410218696;"Hydrac S.A.";"Hydrac S.A.";4.0293245;9.7225329;;;;Littoral;;;historique_autorise;station_service;implantation;way;
way/410218697;PPSM;PPSM;4.0298696;9.722914;;;;Littoral;;;historique_autorise;station_service;implantation;way;
way/410223405;"MRS Manga Bell";MRS;4.036326;9.6957457;;;;Littoral;;;historique_autorise;station_service;implantation;way;
way/410223418;"NEPTUNE OIL";NEPTUNE;3.8393614;11.5075612;;;;Centre;;;historique_autorise;station_service;implantation;way;
way/410226818;Gulfin;Gulfin;4.0445498;9.6858427;;;;Littoral;;;historique_autorise;station_service;implantation;way;
way/410232057;Gulfin;Gulfin;4.0415836;9.6937195;;;;Littoral;;;historique_autorise;station_service;implantation;way;
way/410232554;"TOTAL Olezoa";Total;3.8562821;11.5208842;;;;Centre;;;historique_autorise;station_service;implantation;way;
way/410234398;BOCOM;BOCOM;3.8566196;11.5283836;;;;Centre;;;historique_autorise;station_service;implantation;way;
way/410234399;CAMOCO;CAMOCO;3.8563282;11.5276785;;;;Centre;;;historique_autorise;station_service;implantation;way;
way/410237334;MRS;MRS;3.8594542;11.5352635;;;;Centre;;;historique_autorise;station_service;implantation;way;
way/410237698;"Bocom Direction Générale";Bocom;4.049338;9.7012923;;;;Littoral;;;historique_autorise;station_service;implantation;way;
way/410238210;Oilibya;Oilibya;3.8642335;11.5283431;;;;Centre;;;historique_autorise;station_service;implantation;way;
way/410239022;MRS;MRS;3.8631249;11.5260176;;;;Centre;;;historique_autorise;station_service;implantation;way;
way/410239532;MRS;MRS;3.8622157;11.5242342;;;;Centre;;;historique_autorise;station_service;implantation;way;
way/410248048;"MRST Abbia- Nouma";MRST;3.868015;11.5176903;"Yaoundé I";;"Rue Narvick";Centre;;;historique_autorise;station_service;implantation;way;
way/410261528;"Total Akwa";Total;4.0555383;9.6992138;;;;Littoral;;;historique_autorise;station_service;implantation;way;
way/410262475;"Station sans nom";"Nickel Oil";3.8736762;11.4775291;;;;Centre;;;historique_autorise;station_service;implantation;way;
way/410262478;"GULFIN MVOGBETSI";GULFIN;3.868141;11.4854514;;;;Centre;;;historique_autorise;station_service;implantation;way;
way/410262954;"Total Nkolbisson";Total;3.873042;11.45676;;;;Centre;;;historique_autorise;station_service;implantation;way;
way/410265617;"ALPHA OIL";"ALPHA OIL";3.8954504;11.4564809;;;;Centre;;;historique_autorise;station_service;implantation;way;
way/410265620;"Station sans nom";;3.8723487;11.4967801;;;;Centre;;;historique_autorise;station_service;implantation;way;
way/410271017;"MRS Messa 2";MRS;3.8728213;11.5025351;;;;Centre;;;historique_autorise;station_service;implantation;way;
way/410271018;"MRS Mokolo 1";MRS;3.8731402;11.4997764;;;;Centre;;;historique_autorise;station_service;implantation;way;
way/410271020;"Oilibya New Messa";Oilibya;3.872727;11.5029844;;;;Centre;;;historique_autorise;station_service;implantation;way;
way/410271023;"Total Messa";Total;3.8729925;11.5008487;;;;Centre;;;historique_autorise;station_service;implantation;way;
way/410285730;"Station sans nom";Tradex;3.8323716;11.5519613;;;;Centre;;;historique_autorise;station_service;implantation;way;
way/410294614;MRS;MRS;3.8446618;11.5411892;;;;Centre;;;historique_autorise;station_service;implantation;way;
way/410295523;Total;Total;3.8677103;11.5497264;;;;Centre;;;historique_autorise;station_service;implantation;way;
way/410296420;Total;Total;3.8634829;11.5461285;;;;Centre;;;historique_autorise;station_service;implantation;way;
way/410300681;"Delta petroleum";"DELTA PETROLRUM";3.8642625;11.5434426;;;;Centre;;;historique_autorise;station_service;implantation;way;
way/410301791;"DELTA PETROLEUM CAMEROUN";"DELTA PETROLRUM";3.8664499;11.5401036;;;;Centre;;;historique_autorise;station_service;implantation;way;
way/410311406;Oilibya;Oilibya;3.8743973;11.5408642;;;;Centre;;;historique_autorise;station_service;implantation;way;
way/410313244;Total;Total;3.8756786;11.5454761;;;;Centre;;;historique_autorise;station_service;implantation;way;
way/410318748;MRS;MRS;3.8785017;11.5491275;;;;Centre;;;historique_autorise;station_service;implantation;way;
way/410453040;MRS;MRS;3.8768958;11.4960041;;;;Centre;;;historique_autorise;station_service;implantation;way;
way/410453806;"Confex Oil";;3.8865894;11.4917705;;;;Centre;;;historique_autorise;station_service;implantation;way;
way/410458704;"Total 1 Nkomkana";Total;3.8837719;11.4942596;;;;Centre;;;historique_autorise;station_service;implantation;way;
way/410473916;"Tradex Mbankolo";Tradex;3.8961256;11.4912362;;;;Centre;;;historique_autorise;station_service;implantation;way;
way/410485938;"TRADEX TSINGA";TRADEX;3.8798504;11.5019382;;;;Centre;;;historique_autorise;station_service;implantation;way;
way/410494163;"Total Tsinga";Total;3.8800308;11.5072955;;;;Centre;;;historique_autorise;station_service;implantation;way;
way/410504178;Oilibya;Oilibya;3.8782161;11.5095288;;;;Centre;;;historique_autorise;station_service;implantation;way;
way/410506578;MRS;MRS;3.8780338;11.5105575;;;;Centre;;;historique_autorise;station_service;implantation;way;
way/410517513;TotalEnergies;TotalEnergies;3.8836878;11.5184297;;;;Centre;;;historique_autorise;station_service;implantation;way;
way/410518488;"MRS (rond point)";MRS;3.8843759;11.5200571;;;;Centre;;;historique_autorise;station_service;implantation;way;
way/410523813;"MRS (BATA)";MRS;3.8890123;11.5221152;;;;Centre;;;historique_autorise;station_service;implantation;way;
way/410534594;"CONFEX OIL";"CONFEX OIL";3.8965848;11.5303473;;;;Centre;;;historique_autorise;station_service;implantation;way;
way/410537519;"STATION TRADEX";TRADEX;3.9010896;11.5583764;;;;Centre;;;historique_autorise;station_service;implantation;way;
way/410542026;PETROLEX;PETROLEX;3.8918607;11.5476683;;;;Centre;;;historique_autorise;station_service;implantation;way;
way/410545285;"Station sans nom";TOTAL;3.9142742;11.5256492;;;;Centre;;;historique_autorise;station_service;implantation;way;
way/410578743;"MRS Emana 1";MRS;3.9169628;11.5203444;;;;Centre;;;historique_autorise;station_service;implantation;way;
way/410578744;"Oilibya Emana";Oilibya;3.9178047;11.520193;;;;Centre;;;historique_autorise;station_service;implantation;way;
way/410579802;"Tradex Emana";Tradex;3.9264333;11.520229;;;;Centre;;;historique_autorise;station_service;implantation;way;
way/410580817;"Total Okolo";Total;3.9411128;11.5182432;;;;Centre;;;historique_autorise;station_service;implantation;way;
way/410582254;"Station sans nom";"Neptune Oil";3.9457108;11.5223463;;;;Centre;;;historique_autorise;station_service;implantation;way;
way/410582255;Tradex;Tradex;3.9509781;11.5267788;;;;Centre;;;historique_autorise;station_service;implantation;way;
way/410582605;PETROLEX;PETROLEX;3.9561474;11.5333552;;;;Centre;;;historique_autorise;station_service;implantation;way;
way/415054954;PPSM;;12.0659155;15.0500753;;;;Extrême-Nord;;;historique_autorise;station_service;implantation;way;
way/415062968;Total;Total;12.084654;15.0271171;;;;Extrême-Nord;;;historique_autorise;station_service;implantation;way;
way/416918035;"Total Maroua 1";TOTAL;10.5875678;14.306485;;;;Extrême-Nord;;;historique_autorise;station_service;implantation;way;
way/416933653;Tradex;TRADEX;10.5890104;14.3137857;;;;Extrême-Nord;;;historique_autorise;station_service;implantation;way;
way/417520770;Tradex;;10.5976233;14.337518;;;;Extrême-Nord;;;historique_autorise;station_service;implantation;way;
way/417617389;COMOCO;;10.6054349;14.334182;;;;Extrême-Nord;;;historique_autorise;station_service;implantation;way;
way/417617529;Oilibya;OILOBYA;10.6017886;14.336167;;;;Extrême-Nord;;;historique_autorise;station_service;implantation;way;
way/417617604;"Total 2";;10.6054461;14.3329035;;;;Extrême-Nord;;;historique_autorise;station_service;implantation;way;
way/424940908;"M R S";MRS;5.4500597;10.4255447;;;;Ouest;;;historique_autorise;station_service;implantation;way;
way/424940911;"Oilibya Tamdja";Oilibya;5.4667898;10.423017;;;;Ouest;;;historique_autorise;station_service;implantation;way;
way/424940914;"Total Tamdja";TOTAL;5.4688536;10.4223041;;;;Ouest;;;historique_autorise;station_service;implantation;way;
way/424940915;Total;Total;5.4594556;10.4276902;;;;Ouest;;;historique_autorise;station_service;implantation;way;
way/424942049;TOTAL;TOTAL;5.4788831;10.4155712;;;;Ouest;;;historique_autorise;station_service;implantation;way;
way/424942891;MRS;MRS;5.4772299;10.4174907;;;;Ouest;;;historique_autorise;station_service;implantation;way;
way/424942893;Total;TOTAL;5.4770595;10.4176464;;;;Ouest;;;historique_autorise;station_service;implantation;way;
way/424944257;MRS;MRS;5.4793639;10.4201769;;;;Ouest;;;historique_autorise;station_service;implantation;way;
way/424944258;MRS;MRS;5.4791875;10.4197795;;;;Ouest;;;historique_autorise;station_service;implantation;way;
way/424944260;Oilibya;Oilibya;5.4790575;10.4193727;;;;Ouest;;;historique_autorise;station_service;implantation;way;
way/424945460;CAMOCO;CAMOCO;5.4794781;10.4495513;;;;Ouest;;;historique_autorise;station_service;implantation;way;
way/424945461;CAMOCO;CAMOCO;5.4799517;10.4553807;;;;Ouest;;;historique_autorise;station_service;implantation;way;
way/424945464;OILIBYA;OILIBYA;5.4830861;10.4316644;;;;Ouest;;;historique_autorise;station_service;implantation;way;
way/424945465;Total;Total;5.4846634;10.4367788;;;;Ouest;;;historique_autorise;station_service;implantation;way;
way/427076904;"MRS Tankou";;5.4955934;10.3992103;;;;Ouest;;;historique_autorise;station_service;implantation;way;
way/436860531;Tradex;Tradex;5.4260424;10.4226102;;;;Ouest;;;historique_autorise;station_service;implantation;way;
way/442575508;MRS;;4.0620188;9.7215706;;;;Littoral;;;historique_autorise;station_service;implantation;way;
way/445559541;"Station sans nom";Total;4.6317621;9.4417475;;;;Littoral;;;historique_autorise;station_service;implantation;way;
way/445559654;"Station sans nom";Total;4.6339554;9.4413183;;;;Littoral;;;historique_autorise;station_service;implantation;way;
way/445878580;"TATOL N*1";TOTAL;4.0153968;9.2080306;;;;Littoral;;;historique_autorise;station_service;implantation;way;
way/446275699;Tradex;Tradex;4.0192402;9.17802;;;;Littoral;;;historique_autorise;station_service;implantation;way;
way/448008607;Total;;2.9197649;11.1517889;;;;Sud;;;historique_autorise;station_service;implantation;way;
way/448045295;"Citizen's Oil";"Citizen's Oil";5.5109844;10.3702121;;;;Ouest;;;historique_autorise;station_service;implantation;way;
way/448051906;Total;;5.6263589;10.2597431;;;;Ouest;;;historique_autorise;station_service;implantation;way;
way/448051913;MRS;MRS;5.6263986;10.2584691;;;;Ouest;;;historique_autorise;station_service;implantation;way;
way/448052947;Total;Total;5.6268382;10.2586156;;;;Ouest;;;historique_autorise;station_service;implantation;way;
way/448055177;MRS;;5.6236106;10.263853;;;;Ouest;;;historique_autorise;station_service;implantation;way;
way/448102810;Oilibya;;5.9622193;10.1680385;;;;Ouest;;;historique_autorise;station_service;implantation;way;
way/448106800;"Total Nkwen";;5.9628371;10.1681274;;;;Ouest;;;historique_autorise;station_service;implantation;way;
way/448106809;MRS;;5.9578481;10.1596679;;;;Ouest;;;historique_autorise;station_service;implantation;way;
way/448120108;Oilibya;;5.9570903;10.1513249;;;;Ouest;;;historique_autorise;station_service;implantation;way;
way/448120738;Total;;5.9579965;10.1518244;;;;Ouest;;;historique_autorise;station_service;implantation;way;
way/448126025;MRS;;5.959279;10.1513707;;;;Ouest;;;historique_autorise;station_service;implantation;way;
way/448127870;MRS;;5.9606362;10.1519413;;;;Ouest;;;historique_autorise;station_service;implantation;way;
way/448129967;Oilibya;;5.9615864;10.1512929;;;;Ouest;;;historique_autorise;station_service;implantation;way;
way/448148064;Camoco;;5.5119979;10.6407322;;;;Ouest;;;historique_autorise;station_service;implantation;way;
way/448161587;Camoco;;5.508222;10.6323156;;;;Ouest;;;historique_autorise;station_service;implantation;way;
way/448177063;Total;;5.510656;10.6372007;;;;Ouest;;;historique_autorise;station_service;implantation;way;
way/448177065;Petrolex;;5.5104351;10.6376064;;;;Ouest;;;historique_autorise;station_service;implantation;way;
way/448177067;Total;;5.5106617;10.6380855;;;;Ouest;;;historique_autorise;station_service;implantation;way;
way/448192700;Total;;5.7315797;10.8781197;;;;Ouest;;;historique_autorise;station_service;implantation;way;
way/448265334;Total;;5.4445961;10.0556566;;;;Ouest;;;historique_autorise;station_service;implantation;way;
way/448270637;Oilibya;;5.4449325;10.0559617;;;;Ouest;;;historique_autorise;station_service;implantation;way;
way/448506340;Petrolex;;5.7283092;10.8713523;;;;Ouest;;;historique_autorise;station_service;implantation;way;
way/448509675;Camoco;;5.7313058;10.8771346;;;;Ouest;;;historique_autorise;station_service;implantation;way;
way/448515605;"Station sans nom";;5.7315499;10.8943341;;;;Ouest;;;historique_autorise;station_service;implantation;way;
way/448536112;MRS;;4.5751447;13.6813491;;;;Est;;;historique_autorise;station_service;implantation;way;
way/448536144;Oilibya;;4.5756584;13.6821837;;;;Est;;;historique_autorise;station_service;implantation;way;
way/448536146;Total;;4.5757764;13.6829075;;;;Est;;;historique_autorise;station_service;implantation;way;
way/448606067;Total;;4.5748452;13.679877;;;;Est;;;historique_autorise;station_service;implantation;way;
way/448606069;Total;;4.5753693;13.6794755;;;;Est;;;historique_autorise;station_service;implantation;way;
way/448614920;MRS;;4.5748315;13.6690809;;;;Est;;;historique_autorise;station_service;implantation;way;
way/448617490;BOCOM;BOCOM;4.5503665;13.6168124;;;;Est;;;historique_autorise;station_service;implantation;way;
way/449253084;Total;;4.0096846;9.2071764;;;;Littoral;;;historique_autorise;station_service;implantation;way;
way/449328709;MRS;;4.0149011;9.2077484;;;;Littoral;;;historique_autorise;station_service;implantation;way;
way/449511749;Camoco;;5.9323179;10.1582035;;;;Ouest;;;historique_autorise;station_service;implantation;way;
way/449697332;Bocom;;4.0385195;9.2106057;;;;Littoral;;;historique_autorise;station_service;implantation;way;
way/450117493;"Tradex Nkomo";Tradex;3.8415933;11.55146;;;"Rue 4.255";Centre;;;historique_autorise;station_service;implantation;way;
way/450119066;TRADEX;TRADEX;3.8598758;11.5916075;;;;Centre;;;historique_autorise;station_service;implantation;way;
way/450593693;Petrolex;;4.0018336;9.7599903;;;;Littoral;;;historique_autorise;station_service;implantation;way;
way/450716050;"Tradex MAKEPE";Tradex;4.0838946;9.7453835;;;;Littoral;;;historique_autorise;station_service;implantation;way;
way/451636657;"Station sans nom";;7.3992309;13.5506226;;;;Adamaoua;;;historique_autorise;station_service;implantation;way;
way/454385532;Oilibya;Oilibya;4.071002;9.6816471;;;;Littoral;;;historique_autorise;station_service;implantation;way;
way/455773463;Oilibya;;4.0372223;9.7252561;;;;Littoral;;;historique_autorise;station_service;implantation;way;
way/456011473;MRS;MRS;4.0490589;9.6949935;;;;Littoral;;;historique_autorise;station_service;implantation;way;
way/456096102;Tradex;;4.1069398;9.6071792;;;;Littoral;;;historique_autorise;station_service;implantation;way;
way/456096128;Bocom;;4.1046618;9.6228432;;;;Littoral;;;historique_autorise;station_service;implantation;way;
way/477116594;MRS;MRS;2.9394097;9.909267;;;;Sud;;;historique_autorise;station_service;implantation;way;
way/477905289;Total;TOTAL;10.3435949;15.2337395;;;;Extrême-Nord;;;historique_autorise;station_service;implantation;way;
way/477905295;Texaco;Texaco;10.344491;15.230858;;;;Extrême-Nord;;;historique_autorise;station_service;implantation;way;
way/479570294;Camoco;;5.1137939;9.9517146;;;;Ouest;;;historique_autorise;station_service;implantation;way;
way/479580445;Total;;5.1224111;9.9501601;;;;Ouest;;;historique_autorise;station_service;implantation;way;
way/481743385;BOCOM;BOCOM;5.5167764;14.1190392;Ndokayo;;;Est;;;historique_autorise;station_service;implantation;way;
way/483114080;"Station sans nom";Total;4.6343744;9.4682974;;;;Littoral;;;historique_autorise;station_service;implantation;way;
way/493641299;Total;Total;3.7983663;10.1298388;;;;Littoral;;;historique_autorise;station_service;implantation;way;
way/512884597;"Station sans nom";;7.3195748;13.5777025;;;;Adamaoua;;;historique_autorise;station_service;implantation;way;
way/516192461;"Green Oil";;3.7904094;11.3992039;;;;Centre;;;historique_autorise;station_service;implantation;way;
way/516431958;"Total Energies Nomayos";TotalEnergies;3.7887298;11.4234393;;;;Centre;;;historique_autorise;station_service;implantation;way;
way/519122360;"Tradex Nomayos 2";Tradex;3.7901124;11.4404268;;;;Centre;;;historique_autorise;station_service;implantation;way;
way/525560428;"Ola Energy, Rail Ngousso";Oilibya;3.9085121;11.5366804;Yaoundé;;;Centre;;;historique_autorise;station_service;implantation;way;
way/525564642;"Total Carrefour Yannick";Total;3.9083927;11.5284304;;;;Centre;;;historique_autorise;station_service;implantation;way;
way/531924999;Bocom;Bocom;5.1624105;10.1923613;;;;Ouest;;;historique_autorise;station_service;implantation;way;
way/532187128;"Blessing Nkolbikon";;4.5739264;13.6630601;;;;Est;;;historique_autorise;station_service;implantation;way;
way/559434786;Tradex;Tradex;2.95512;9.9111493;;;;Sud;;;historique_autorise;station_service;implantation;way;
way/625849332;MRS;MRS;4.957547;9.9355827;;;;Littoral;;;historique_autorise;station_service;implantation;way;
way/629535353;"Station sans nom";;7.4473271;13.5545922;;;;Adamaoua;;;historique_autorise;station_service;implantation;way;
way/629535809;"Station sans nom";;7.4391235;13.5555819;;;;Adamaoua;;;historique_autorise;station_service;implantation;way;
way/629536073;"Station sans nom";;7.4340456;13.5561197;;;;Adamaoua;;;historique_autorise;station_service;implantation;way;
way/629536464;"Station sans nom";;7.429699;13.5564972;;;;Adamaoua;;;historique_autorise;station_service;implantation;way;
way/629542432;"Station sans nom";;7.3765179;13.5663382;;;;Adamaoua;;;historique_autorise;station_service;implantation;way;
way/629542951;"Station sans nom";;7.3652752;13.5678477;;;;Adamaoua;;;historique_autorise;station_service;implantation;way;
way/629543536;"Station sans nom";;7.3380718;13.5878332;;;;Adamaoua;;;historique_autorise;station_service;implantation;way;
way/629544600;"Station sans nom";;7.3248698;13.5834393;;;;Adamaoua;;;historique_autorise;station_service;implantation;way;
way/629546023;"Station sans nom";;7.3220941;13.5739759;;;;Adamaoua;;;historique_autorise;station_service;implantation;way;
way/629546393;"Station sans nom";;7.3191763;13.5754671;;;;Adamaoua;;;historique_autorise;station_service;implantation;way;
way/629548559;DANEDJEU;;7.3178751;13.5939965;;;;Adamaoua;;;historique_autorise;station_service;implantation;way;
way/629549377;Blessing;;7.3185612;13.5559386;;;;Adamaoua;;;historique_autorise;station_service;implantation;way;
way/629554215;"BOCOM Beka";;7.2974467;13.5549597;;;;Adamaoua;;;historique_autorise;station_service;implantation;way;
way/652103478;"Green Oil";;4.0049324;9.8577789;;;;Littoral;;;historique_autorise;station_service;implantation;way;
way/717527148;"Station sans nom";;3.85058;11.5006286;;;;Centre;;;historique_autorise;station_service;implantation;way;
way/739822327;"Station sans nom";;3.1595143;13.6184657;;;;Est;;;historique_autorise;station_service;implantation;way;
way/800710032;BOCOM;BOCOM;4.5902907;13.7338297;;;;Est;;;historique_autorise;station_service;implantation;way;
way/882840486;Blessing;Blessing;4.5783511;13.6955438;;;;Est;;;historique_autorise;station_service;implantation;way;
way/882843418;"Total Mandjou";Total;4.5836467;13.7216698;;;;Est;;;historique_autorise;station_service;implantation;way;
way/882843419;Blessing;Blessing;4.5853521;13.7266258;;;;Est;;;historique_autorise;station_service;implantation;way;
way/886686981;"Station sans nom";;4.0006543;9.8183562;;;;Littoral;;;historique_autorise;station_service;implantation;way;
way/914371471;Totale;;4.2582095;11.2032857;;;;Centre;;;historique_autorise;station_service;implantation;way;
way/917340493;"Station sans nom";;2.9278906;12.0013381;;;;"Non déterminé";;;historique_autorise;station_service;implantation;way;
way/918643617;"Station sans nom";;4.5534313;13.6280041;;;;Est;;;historique_autorise;station_service;implantation;way;
way/976682383;"Bota Oil";"Bota Oil";5.3924449;10.4283376;;;;Ouest;;;historique_autorise;station_service;implantation;way;
way/977011189;Total;Total;3.8760624;11.5077199;;;;Centre;;;historique_autorise;station_service;implantation;way;
way/977968256;Blessing;Blessing;4.0262647;11.5569096;;;;Centre;;;historique_autorise;station_service;implantation;way;
way/977976661;"Neptune Oil";"Neptune Oil";3.9452822;11.5154356;;;;Centre;;;historique_autorise;station_service;implantation;way;
way/980544167;"Bocom Mfou-Assi";Bocom;3.8083691;11.4643257;;;;Centre;;;historique_autorise;station_service;implantation;way;
way/980545753;"Neptune Oil";"Neptune Oil";3.8196098;11.4714166;;;;Centre;;;historique_autorise;station_service;implantation;way;
way/1059873606;"Station sans nom";;5.1392467;9.9852567;;;;Ouest;;;historique_autorise;station_service;implantation;way;
way/1155597274;"Station sans nom";;3.8644403;11.6124804;;;;Centre;;;historique_autorise;station_service;implantation;way;
way/1291293447;"Station sans nom";;2.9452134;11.9786786;;;;Sud;;;historique_autorise;station_service;implantation;way;
way/1337778918;Blessing;;4.430891;14.3542332;;;;Est;;;historique_autorise;station_service;implantation;way;
way/1354896239;"Green Oil";;4.3975286;14.5646405;;;;Est;;;historique_autorise;station_service;implantation;way;
way/1414251972;"TotalEnergies AKONOLINGA";TotalEnergies;3.7735098;12.246691;;;;Centre;;;historique_autorise;station_service;implantation;way;
way/1414252036;"Kori oil";;3.7739977;12.2423749;;;;Centre;;;historique_autorise;station_service;implantation;way;
way/1429412320;"TotalEnergies Wum";TotalEnergies;6.387264;10.0767975;;;;Ouest;;;historique_autorise;station_service;implantation;way;
way/1430902760;"Total Yokadouma";Total;3.5134438;15.0491731;;;;Est;;;historique_autorise;station_service;implantation;way;
way/1431461880;Mobyl;;4.4639255;14.3836846;;;;Est;;;historique_autorise;station_service;implantation;way;
way/1431461881;"BOCOM Batouri";;4.4535085;14.3744679;;;;Est;;;historique_autorise;station_service;implantation;way;
way/1431461882;"Neptune Oil";;4.4341302;14.3400069;;;;Est;;;historique_autorise;station_service;implantation;way;
way/1431461883;"Vision Sandaé";Vision;4.4169361;14.3181423;;;;Est;;;historique_autorise;station_service;implantation;way;
relation/6481984;"TRADEX MBALLA II";TRADEX;3.8959522;11.5227816;;;;Centre;;;historique_autorise;station_service;implantation;relation;
